{
  "condition_a_0.8": {
    "val": 0.7346938775510204,
    "casia": 0.3428,
    "calli": 1.0
  },
  "condition_a_0.9": {
    "val": 0.6939,
    "casia": 0.6949,
    "calli": 0.9474
  },
  "condition_b_0.6": {
    "val": 0.9565,
    "casia": 0.9831,
    "calli": 0.0526
  },
  "condition_b_0.8": {
    "val": 0.9482758620689655,
    "casia": 0.2663,
    "calli": 0.0526
  },
  "condition_a_0.5": {
    "val": 0.5551020408163265,
    "casia": 0.15254237288135594,
    "calli": 1.0
  },
  "condition_a_0.6": {
    "val": 0.6479591836734694,
    "casia": 0.4406779661016949,
    "calli": 0.47368421052631576
  },
  "condition_a_0.7": {
    "val": 0.5374149659863946,
    "casia": 0.1694915254237288,
    "calli": 0.0
  },
  "condition_b_0.5": {
    "val": 0.9230769230769231,
    "casia": 1.0,
    "calli": 0.15789473684210525
  },
  "condition_b_0.7": {
    "val": 0.9534883720930233,
    "casia": 1.0,
    "calli": 0.05263157894736842
  },
  "condition_b_0.9": {
    "val": 0.9655172413793104,
    "casia": 0.9830508474576272,
    "calli": 0.05263157894736842
  }
}