{
  "train_50_val_50": {
    "train_size": 143,
    "val_size": 143,
    "val_accuracy": 0.9300699300699301
  },
  "train_60_val_40": {
    "train_size": 171,
    "val_size": 115,
    "val_accuracy": 0.9565217391304348
  },
  "train_70_val_30": {
    "train_size": 200,
    "val_size": 86,
    "val_accuracy": 0.9418604651162791
  },
  "train_80_val_19": {
    "train_size": 228,
    "val_size": 58,
    "val_accuracy": 0.9482758620689655
  },
  "train_90_val_9": {
    "train_size": 257,
    "val_size": 29,
    "val_accuracy": 1.0
  }
}