{
  "condition_a": {
    "condition": "condition_a",
    "accuracy": 0.6122448979591837,
    "confusion_matrix": [
      [
        13,
        37
      ],
      [
        1,
        47
      ]
    ],
    "tp": 47,
    "tn": 13,
    "fp": 37,
    "fn": 1,
    "precision": 0.5595238095238095,
    "recall": 0.9791666666666666,
    "f1": 0.712121212121212,
    "total_samples": 98,
    "total_errors": 38,
    "predictions": [
      1,
      1,
      1,
      1,
      1,
      1,
      1,
      1,
      1,
      1,
      1,
      1,
      1,
      1,
      1,
      1,
      1,
      1,
      1,
      1,
      1,
      1,
      1,
      1,
      1,
      1,
      1,
      1,
      1,
      1,
      1,
      1,
      1,
      1,
      1,
      1,
      1,
      1,
      1,
      0,
      1,
      1,
      1,
      1,
      1,
      1,
      1,
      1,
      1,
      1,
      1,
      1,
      1,
      1,
      1,
      1,
      1,
      1,
      1,
      1,
      0,
      1,
      0,
      1,
      0,
      1,
      1,
      1,
      1,
      1,
      1,
      0,
      0,
      1,
      1,
      1,
      0,
      1,
      1,
      1,
      1,
      0,
      1,
      1,
      1,
      1,
      1,
      1,
      0,
      0,
      0,
      1,
      0,
      0,
      1,
      0,
      1,
      1
    ],
    "labels": [
      1,
      1,
      1,
      1,
      1,
      1,
      1,
      1,
      1,
      1,
      1,
      1,
      1,
      1,
      1,
      1,
      1,
      1,
      1,
      1,
      1,
      1,
      1,
      1,
      1,
      1,
      1,
      1,
      1,
      1,
      1,
      1,
      1,
      1,
      1,
      1,
      1,
      1,
      1,
      1,
      1,
      1,
      1,
      1,
      1,
      1,
      1,
      1,
      0,
      0,
      0,
      0,
      0,
      0,
      0,
      0,
      0,
      0,
      0,
      0,
      0,
      0,
      0,
      0,
      0,
      0,
      0,
      0,
      0,
      0,
      0,
      0,
      0,
      0,
      0,
      0,
      0,
      0,
      0,
      0,
      0,
      0,
      0,
      0,
      0,
      0,
      0,
      0,
      0,
      0,
      0,
      0,
      0,
      0,
      0,
      0,
      0,
      0
    ]
  },
  "condition_b": {
    "condition": "condition_b",
    "accuracy": 0.9137931034482759,
    "confusion_matrix": [
      [
        24,
        3
      ],
      [
        2,
        29
      ]
    ],
    "tp": 29,
    "tn": 24,
    "fp": 3,
    "fn": 2,
    "precision": 0.90625,
    "recall": 0.9354838709677419,
    "f1": 0.9206349206349206,
    "total_samples": 58,
    "total_errors": 5,
    "predictions": [
      0,
      1,
      1,
      1,
      1,
      1,
      1,
      1,
      1,
      1,
      1,
      1,
      1,
      0,
      1,
      1,
      1,
      1,
      1,
      1,
      1,
      1,
      1,
      1,
      1,
      1,
      1,
      1,
      1,
      1,
      1,
      0,
      0,
      0,
      1,
      0,
      0,
      0,
      1,
      0,
      0,
      0,
      0,
      0,
      0,
      0,
      0,
      0,
      0,
      0,
      0,
      0,
      0,
      0,
      1,
      0,
      0,
      0
    ],
    "labels": [
      1,
      1,
      1,
      1,
      1,
      1,
      1,
      1,
      1,
      1,
      1,
      1,
      1,
      1,
      1,
      1,
      1,
      1,
      1,
      1,
      1,
      1,
      1,
      1,
      1,
      1,
      1,
      1,
      1,
      1,
      1,
      0,
      0,
      0,
      0,
      0,
      0,
      0,
      0,
      0,
      0,
      0,
      0,
      0,
      0,
      0,
      0,
      0,
      0,
      0,
      0,
      0,
      0,
      0,
      0,
      0,
      0,
      0
    ]
  },
  "structural_analysis": {
    "error_rate_a": 0.3877551020408163,
    "error_rate_b": 0.08620689655172414,
    "fp_fn_ratio_a": 36.999999630000005,
    "fp_fn_ratio_b": 1.4999999925,
    "positive_prediction_rate_a": 0.8571428571428571,
    "positive_prediction_rate_b": 0.5517241379310345,
    "cm_normalized_a": [
      [
        0.26,
        0.74
      ],
      [
        0.020833333333333332,
        0.9791666666666666
      ]
    ],
    "cm_normalized_b": [
      [
        0.8888888888888888,
        0.1111111111111111
      ],
      [
        0.06451612903225806,
        0.9354838709677419
      ]
    ],
    "structural_difference": 0.3362858422939068,
    "interpretation": "Error structures are substantially different. Contextual training changed how the model fails."
  }
}