{"train_loss": [0.696465959915748, 0.6929310239278353, 0.6945012028400714, 0.6933743495207566, 0.6930831303963294, 0.6953444343346816, 0.6959410539040198, 0.6936780443558326, 0.6923481088418227, 0.6991846423882705, 0.6930289589441739, 0.6932835349669824, 0.6927736080609835, 0.6929771991876456, 0.6932476392159095, 0.6923156197254474, 0.6914694125835712, 0.6898775559205276, 0.6921185025802026, 0.6918028501363901, 0.6918638944625854, 0.6912638453336862, 0.6921661450312688, 0.6906659373870263, 0.6898614076467661, 0.6893082627883325, 0.6916894958569453, 0.6861928884799664, 0.6805530007068927, 0.6854965732647822], "val_loss": [0.6793788075447083, 0.6923332363367081, 0.6993378698825836, 0.6880706548690796, 0.6856425553560257, 0.6856145113706589, 0.69785176217556, 0.6878680437803268, 0.6857178658246994, 0.6870970726013184, 0.6946179568767548, 0.6941228657960892, 0.6883993148803711, 0.6857805848121643, 0.6891178041696548, 0.6858022511005402, 0.686122715473175, 0.680289700627327, 0.6767724752426147, 0.681717723608017, 0.6835511177778244, 0.6810561120510101, 0.6807280778884888, 0.681310385465622, 0.6860560327768326, 0.677618220448494, 0.6798839420080185, 0.6991487294435501, 0.6663443595170975, 0.7138053923845291], "train_acc": [0.5115089514066496, 0.5115089514066496, 0.4884910485933504, 0.46547314578005117, 0.5115089514066496, 0.5115089514066496, 0.4782608695652174, 0.5115089514066496, 0.5115089514066496, 0.5115089514066496, 0.5447570332480819, 0.4884910485933504, 0.5012787723785166, 0.5115089514066496, 0.5115089514066496, 0.5115089514066496, 0.5115089514066496, 0.5115089514066496, 0.5115089514066496, 0.5115089514066496, 0.5115089514066496, 0.5115089514066496, 0.49872122762148335, 0.5549872122762148, 0.5166240409207161, 0.5242966751918159, 0.5473145780051151, 0.618925831202046, 0.5831202046035806, 0.5396419437340153], "val_acc": [0.5102040816326531, 0.5102040816326531, 0.4897959183673469, 0.5102040816326531, 0.5102040816326531, 0.5102040816326531, 0.4897959183673469, 0.5102040816326531, 0.5102040816326531, 0.5102040816326531, 0.4897959183673469, 0.4897959183673469, 0.5102040816326531, 0.5102040816326531, 0.5102040816326531, 0.5102040816326531, 0.5102040816326531, 0.5102040816326531, 0.5102040816326531, 0.5102040816326531, 0.5102040816326531, 0.5102040816326531, 0.5102040816326531, 0.5102040816326531, 0.5204081632653061, 0.5102040816326531, 0.5102040816326531, 0.5306122448979592, 0.5102040816326531, 0.6122448979591837]}