{"train_loss": [0.7119378224015236, 0.6914453059434891, 0.692128986120224, 0.6892388090491295, 0.6937494426965714, 0.689553014934063, 0.6928093135356903, 0.6854878142476082, 0.6838856264948845, 0.6756192222237587, 0.668792836368084, 0.6482801288366318, 0.6309976279735565, 0.6218206360936165, 0.5593858025968075, 0.5077090635895729, 0.49994609132409096, 0.44182977452874184, 0.36160041205585003, 0.33786918548867106, 0.351203840225935, 0.33997183479368687, 0.27435472421348095, 0.2740912139415741, 0.2960874903947115, 0.26367548760026693, 0.254395155236125, 0.2090142024680972, 0.2629494443535805, 0.24986263923346996], "val_loss": [0.693519800901413, 0.6956785917282104, 0.6979215443134308, 0.6970683634281158, 0.6977091133594513, 0.6915729939937592, 0.689081221818924, 0.6860894858837128, 0.6760133802890778, 0.6851720809936523, 0.6558654308319092, 0.6391577124595642, 0.6168972998857498, 0.5764768719673157, 0.5400916486978531, 0.5615917816758156, 0.5103921368718147, 0.4166724681854248, 0.3757816404104233, 0.5580343753099442, 0.42019884288311005, 0.330059289932251, 0.3586500734090805, 0.2819942533969879, 0.28488513827323914, 0.2584286257624626, 0.2719235271215439, 0.4256439618766308, 0.2662949115037918, 0.2454901859164238], "train_acc": [0.47368421052631576, 0.5263157894736842, 0.5263157894736842, 0.5263157894736842, 0.5263157894736842, 0.5263157894736842, 0.5877192982456141, 0.5657894736842105, 0.6008771929824561, 0.5701754385964912, 0.5789473684210527, 0.7149122807017544, 0.631578947368421, 0.631578947368421, 0.7675438596491229, 0.8026315789473685, 0.75, 0.7982456140350878, 0.8596491228070176, 0.8245614035087719, 0.8377192982456141, 0.8640350877192983, 0.9122807017543859, 0.8947368421052632, 0.9166666666666666, 0.8771929824561403, 0.8859649122807017, 0.9254385964912281, 0.8859649122807017, 0.8991228070175439], "val_acc": [0.5344827586206896, 0.5344827586206896, 0.5344827586206896, 0.5344827586206896, 0.5344827586206896, 0.5344827586206896, 0.603448275862069, 0.5517241379310345, 0.7586206896551724, 0.5344827586206896, 0.6724137931034483, 0.7241379310344828, 0.4827586206896552, 0.7758620689655172, 0.7758620689655172, 0.5517241379310345, 0.6896551724137931, 0.8448275862068966, 0.8103448275862069, 0.7413793103448276, 0.8275862068965517, 0.896551724137931, 0.8275862068965517, 0.9137931034482759, 0.8275862068965517, 0.9137931034482759, 0.8793103448275862, 0.8275862068965517, 0.8793103448275862, 0.9137931034482759]}